<?xml version="1.0" encoding="UTF-8"?>
  <SupportAssistPrebootDiagnosticLog>
    <Schema>1.0.0</Schema>
    <LogNumber>24</LogNumber>
    <LogTimeStamp>09/05/2023 03:46:20</LogTimeStamp>
    <ePSA_Data>
      <Result>Not Reported</Result>
      <ReturnCode>BOOT_F2</ReturnCode>
      <ePSAFullVersion>4306.14</ePSAFullVersion>
      <ePSAInvocationCount>4</ePSAInvocationCount>
    </ePSA_Data>
    <BIOS_Data>
      <ErrorCategory>DISPLAY_ONLY</ErrorCategory>
      <ErrorMessage><![CDATA[Time-of-day not set - please run SETUP program.
]]></ErrorMessage>
      <SOS_Available>FALSE</SOS_Available>
      <TimeOutSeconds>0</TimeOutSeconds>
    </BIOS_Data>
  </SupportAssistPrebootDiagnosticLog>
